ID,Porposal Name,Proposal Date,Description,Created By,Date
9,First proposal,2022-04-25,Dummy description,Gourab Saha,"09/08/2022, 13:33:13"
10,First proposal1,2022-04-25,Dummy description,Gourab Saha,"09/08/2022, 13:33:26"
11,First proposal2,2022-04-25,Dummy description,Gourab Saha,"09/08/2022, 13:33:30"
12,Proposal 3,2022-04-25,Dummy description,Gourab Saha,"09/08/2022, 13:33:40"
14,Proposal 5,2022-04-25,Dummy description,Gourab Saha,"09/08/2022, 13:34:11"
15,Proposal 6,2022-04-25,Dummy description,Gourab Saha,"09/08/2022, 13:34:18"
16,Proposal 7,2022-04-25,Dummy description,Gourab Saha,"09/08/2022, 13:34:25"
17,Proposal 8,2022-04-25,Dummy description,Gourab Saha,"09/08/2022, 13:34:32"
18,Proposal 9,2022-04-25,Dummy description,Gourab Saha,"09/08/2022, 13:39:50"
19,Proposal 10,2022-04-25,Dummy description,Gourab Saha,"09/08/2022, 13:39:56"
20,Proposal 11,2022-04-25,Dummy description,Gourab Saha,"09/08/2022, 13:40:01"
21,Gourab Saha's Proposal,2022-04-25,Dummy description,,"09/08/2022, 13:50:17"
